{
  "hops": [
    1,
    2,
    3,
    4,
    5,
    6,
    7,
    8
  ],
  "protocols": {
    "HCCEP": [
      0.96,
      0.89,
      0.83,
      0.78,
      0.74,
      0.7,
      0.67,
      0.64
    ],
    "DQN-Single": [
      0.94,
      0.85,
      0.75,
      0.67,
      0.6,
      0.54,
      0.49,
      0.45
    ],
    "Greedy-ED": [
      0.93,
      0.82,
      0.71,
      0.62,
      0.55,
      0.49,
      0.44,
      0.4
    ],
    "SP-Routing": [
      0.91,
      0.79,
      0.67,
      0.57,
      0.49,
      0.43,
      0.38,
      0.34
    ],
    "Random": [
      0.88,
      0.74,
      0.61,
      0.51,
      0.43,
      0.37,
      0.32,
      0.28
    ]
  },
  "sim_hccep": [
    0.98164,
    0.8638431999999999,
    0.7601820159999999,
    0.09583333333333331,
    0.09583333333333331,
    0.0,
    0.0,
    0.0
  ],
  "sim_sp": [
    0.8536,
    0.751168,
    0.6610278399999999,
    0.08333333333333331,
    0.08333333333333331,
    0.0,
    0.0,
    0.0
  ]
}